{"options":{"check_for_updates":false,"comment":null,"compat_foreach":false,"compat_metadata":false,"compat_powerful_this":null,"compat_wrappedjsobject":false,"compatopts_for_requires":true,"noframes":null,"override":{"merge_connects":true,"merge_excludes":true,"merge_includes":true,"merge_matches":true,"orig_connects":[],"orig_excludes":[],"orig_includes":[],"orig_matches":["http*://*/*"],"orig_noframes":null,"orig_run_at":"context-menu","use_blockers":[],"use_connects":[],"use_excludes":[],"use_includes":[],"use_matches":[]},"run_at":null,"sandbox":null,"tab_types":null,"unwrap":null,"user_modified":1723373183212},"settings":{"enabled":false,"position":6},"meta":{"name":"Go to Website.Net","uuid":"99636a5c-92c3-4b23-a6e8-5271716ba710","modified":1723373183211}}