{"options":{"check_for_updates":true,"user_modified":1723748373077,"comment":null,"compatopts_for_requires":true,"compat_wrappedjsobject":false,"compat_metadata":false,"compat_foreach":false,"compat_powerful_this":null,"sandbox":null,"noframes":null,"unwrap":null,"run_at":null,"tab_types":null,"override":{"merge_connects":true,"merge_excludes":true,"merge_includes":true,"merge_matches":true,"orig_connects":[],"orig_excludes":[],"orig_includes":[],"orig_matches":["https://*.safeframe.googlesyndication.com/safeframe/*/html/container.html","https://ani.gamer.com.tw/animeVideo.php*"],"orig_noframes":true,"orig_run_at":"document-idle","use_blockers":[],"use_connects":[],"use_excludes":[],"use_includes":[],"use_matches":[]}},"settings":{"enabled":true,"position":14},"meta":{"name":"ani gamer","uuid":"d3a54556-9b8b-4d83-8120-0e0439bc42fa","modified":1723748373076}}