{"options":{"check_for_updates":false,"comment":null,"compat_foreach":false,"compat_metadata":false,"compat_powerful_this":null,"compat_wrappedjsobject":false,"compatopts_for_requires":true,"noframes":null,"override":{"merge_connects":true,"merge_excludes":true,"merge_includes":true,"merge_matches":true,"orig_connects":[],"orig_excludes":[],"orig_includes":[],"orig_matches":["http*://*/*"],"orig_noframes":null,"orig_run_at":"context-menu","use_blockers":[],"use_connects":[],"use_excludes":[],"use_includes":[],"use_matches":[],"orig_run_in":[]},"run_at":null,"sandbox":null,"tab_types":null,"unwrap":null,"user_modified":null,"run_in":null,"tags":[]},"settings":{"enabled":true,"position":1},"meta":{"name":"img download","uuid":"8b5f14f9-3e5a-4714-9c42-30cf677e3f00","modified":1691140687533}}