{"options":{"check_for_updates":false,"comment":null,"compatopts_for_requires":true,"compat_wrappedjsobject":false,"compat_metadata":false,"compat_foreach":false,"compat_powerful_this":null,"sandbox":null,"noframes":null,"unwrap":null,"run_at":null,"tab_types":null,"override":{"merge_connects":true,"merge_excludes":true,"merge_includes":true,"merge_matches":true,"orig_connects":[],"orig_excludes":[],"orig_includes":[],"orig_matches":["https://*.wikipedia.org/*","https://*.m.wikipedia.org/*"],"orig_noframes":null,"orig_run_at":"document-idle","use_blockers":[],"use_connects":[],"use_excludes":[],"use_includes":[],"use_matches":[]}},"settings":{"enabled":true,"position":9},"meta":{"name":"wikipedia dark theme","uuid":"7a81df42-acd0-4d74-90d7-385c4de355c0","modified":1699287766762}}