{"ts":1667234565462,"data":{"setting":"s{\"site_list\":{\"Google\":\"https://www.google.com/searchbyimage?image_url={%s}\",\"Baidu\":\"https://graph.baidu.com/details?isfromtusoupc=1&tn=pc&carousel=0&promotion_name=pc_image_shituindex&extUiData%5bisLogoShow%5d=1&image={%s}\",\"Bing\":\"https://www.bing.com/images/searchbyimage?cbir=sbi&iss=sbi&imgurl={%s}\",\"TinEye\":\"https://www.tineye.com/search?url={%s}\",\"Yandex\":\"https://yandex.com/images/search?rpt=imageview&url={%s}\",\"Sogou\":\"https://pic.sogou.com/ris?query={%s}&flag=1&drag=0\",\"360 ShiTu\":\"http://st.so.com/stu?imgurl={%s}\",\"SauceNAO\":\"https://saucenao.com/search.php?db=999&url={%s}\",\"IQDB\":\"https://iqdb.org/?url={%s}\",\"3D IQDB\":\"https://3d.iqdb.org/?url={%s}\",\"WhatAnime\":\"https://trace.moe/?url={%s}\",\"Ascii2D\":\"https://ascii2d.net/search/url/{%s}\"},\"site_option\":[\"Google\",\"Baidu\",\"Bing\",\"TinEye\",\"Yandex\",\"Sogou\",\"360 ShiTu\",\"SauceNAO\",\"IQDB\",\"3D IQDB\",\"WhatAnime\",\"Ascii2D\",\"WhatAnime\",\"Ascii2D\"],\"hot_key\":\"ctrlKey\",\"server_url\":\"//sbi.ccloli.com/img/upload.php\"}","timestamp":"n1667234565462","version":"n8"}}