{"options":{"check_for_updates":false,"comment":null,"compat_foreach":false,"compat_metadata":false,"compat_powerful_this":null,"compat_wrappedjsobject":false,"compatopts_for_requires":true,"noframes":null,"override":{"merge_connects":true,"merge_excludes":true,"merge_includes":true,"merge_matches":true,"orig_connects":[],"orig_excludes":[],"orig_includes":[],"orig_matches":["https://www.instagram.com/*"],"orig_noframes":true,"orig_run_at":"document-idle","use_blockers":[],"use_connects":[],"use_excludes":[],"use_includes":[],"use_matches":[],"orig_run_in":[]},"run_at":null,"sandbox":null,"tab_types":null,"unwrap":null,"user_modified":1723374420333,"run_in":null,"tags":[]},"settings":{"enabled":true,"position":8},"meta":{"name":"instagram","uuid":"442ba3d4-ff14-4b2f-b3d8-3fe9775ca2d5","modified":1723374420332}}