{"action_menu_columns":"1","action_menu_scripts_hide_disabled":false,"action_menu_scripts_sort":"auto","appearance_badge_color":"f00","appearance_badges":"running","configMode":100,"editor_autoLint":true,"editor_autoLintMaxLen":"1000000","editor_autoSave":true,"editor_easySave":true,"editor_electricChars":true,"editor_enabled":true,"editor_fontSize":"100","editor_highlightSelectionMatches":"cursor","editor_highlightTrailingWhitespace":true,"editor_indentUnit":"4","editor_indentWithTabs":"spaces","editor_keyMap":"windows","editor_lineWrapping":false,"editor_linter_config":null,"editor_tabMode":"indent","editor_tabSize":"4","editor_theme":"default","editor_trimTrailingSpacesFromModifiedLines":true,"favicon_service":"google","layout":"default#light","layout_user_css":":root {\n    --c1: 143,0,115;\n}\n.curwaitmsg {\n    background-color: #181818;\n}\n::-webkit-scrollbar-track {\n    -webkit-box-shadow: inset 0 0 6px rgba(0, 0, 0, 0.3);\n    border-radius: 10px;\n    background-color: #303030;\n}\n::-webkit-scrollbar-thumb:hover {\n    background: #6c6c6c;\n}\n::-webkit-scrollbar-thumb {\n    background-color: #a1a1a1;\n    border-radius: 10px;\n}\n::-webkit-scrollbar {\n    width: 10px;\n    height: 10px;\n}\n::-webkit-resizer {\n    background: #828282;\n    outline: 2px solid #b6b6b6;\n}\n* {\n    font-family: \"Comic Sans MS\", 標楷體;\n}\npre.CodeMirror-line * {\n    font-family: monospace !important;\n}\nbody:not(.main) span a img {\n    filter: invert(100%);\n}\nbody:not(.main) td {\n    background-color: #222;\n}\nbody:not(.main) td:hover {\n    background-color: #a0a0a0;\n}\n.cm-trailingspace {\n    background-color: rgb(var(--c1)) !important;\n}\n.CodeMirror-bookmarks-marked {\n    background-color: rgb(var(--c1) /40%);\n}\n.CodeMirror-bookmarks {\n    background: #181818;\n}\n.CodeMirror-selected {\n    background: #4e4e4e !important;\n}\n.CodeMirror-dialog input[type=text] {\n    width: 20em !important;\n}\n.CodeMirror-dialog input {\n    font-size: 20px;\n}\nbody .far.green {\n    color: rgb(var(--c1)) !important;\n}\n.cm-s-default .cm-atom {\n    color: #b897fb;\n}\n.CodeMirror-code {\n    color: #fdff87;\n}\n.submenu {\n    background-color: #9a9a9a;\n    border: solid 3px #626262;\n}\n.cm-s-default .cm-variable-2 {\n    color: #1c8eff;\n}\n.submenu tr.entry:hover {\n    background-color: #c7c7c7 !important;\n}\n.trash_actions, .trash_script_details {\n    background-color: #626262;\n}\n.scripttable tr.selected:hover {\n    background-color: #b5b092;\n}\ntextarea {\n    color: #eeedee;\n}\ninput[type=\"text\"]:not(.CodeMirror input), textarea, select[multiple] {\n    background-color: #474747;\n}\n.editor_container {\n    font-size: 20px;\n}\ninput, select, button {\n    background: rgb(var(--c1));\n    color: #efefef;\n}\n.head_container {\n    background-color: rgb(var(--c1));\n}\n.enabler.enabler_enabled .far.on {\n    color: rgb(var(--c1)) !important;\n}\n.editormenu {\n    background-color: #7e7e7e;\n}\n.cm-s-default .cm-string {\n    color: #53d4dd;\n}\n.cm-s-default .cm-string-2 {\n    color: #f89135;\n}\n.CodeMirror {\n    background: #181818;\n    color: #feffa1;\n}\n.cm-trailingspace {\n    background-color: rgb(143 0 115);\n}\n.cm-s-default .cm-def, .cm-s-default .cm-defarg, .cm-s-default .cm-deffunc {\n    color: #7b7bff;\n}\n.cm-s-default .cm-comment {\n    color: #b0b0b0;\n}\n.cm-s-default .cm-keyword {\n    color: #df00ff;\n}\n.cm-s-default .cm-number {\n    color: #2effab;\n}\n.cm-s-default .cm-matchhighlight {\n    background-color: #757575;\n}\n.CodeMirror-cursor {\n    border-left: 1px solid #ffffff;\n}\n.tv_content {\n    background-color: #393939;\n}\n.CodeMirror-gutters {\n    border-right: 1px solid #3a3a3a;\n    background-color: #373737;\n}\n.tr_tabs_alt {\n    background-color: #595959 !important;\n}\n.script_tab_head>td {\n    background-color: #595959 !important;\n}\n.default .tv_selected {\n    background-color: #c8c8c8 !important;\n}\ntable {\n    color: #fff;\n}\na {\n    color: #ffffff;\n}\n.scripttable tr, .section, .actiontable {\n    background-color: #222222;\n}\n.scripttable tr, .section, .actiontable, .settingstr {\n    border-color: #555555;\n}\n.scripttable tr:hover {\n    background-color: #909090;\n}\n.greyed {\n    color: #9e9e9e !important;\n}","notification_showUpdate":"changelog","script_blacklist_server":[{"rules":["/https?:\\/\\/userscripts\\.org\\/scripts\\/(source|version)/(102614).*\\.user\\.js/"],"severity":"2"},{"name":"SaveFrom.net helper","reason":"Shows advertisements","rules":["/https?:\\/\\/sf-addon\\.com\\/.*\\/.*\\.user\\.js/","/https?:\\/\\/.*\\.sf-helper\\.com\\/.*\\.user\\.js/"],"severity":"3"},{"reasons":{"en":"Used for a phishing compain to compromise users of baon-nutrition.com"},"rules":["/https?:\\/\\/files\\.ulysse\\.travel\\/.*\\.user\\.js/"],"severity":"8"}]}