{"options":{"check_for_updates":false,"comment":null,"compat_foreach":false,"compat_metadata":false,"compat_powerful_this":null,"compat_wrappedjsobject":false,"compatopts_for_requires":true,"noframes":null,"override":{"merge_connects":true,"merge_excludes":true,"merge_includes":true,"merge_matches":true,"orig_connects":[],"orig_excludes":[],"orig_includes":[],"orig_matches":["https://www.iq.com/play/*"],"orig_noframes":true,"orig_run_at":"document-idle","use_blockers":[],"use_connects":[],"use_excludes":[],"use_includes":[],"use_matches":[],"orig_run_in":[]},"run_at":null,"sandbox":null,"tab_types":null,"unwrap":null,"user_modified":1723374464917,"run_in":null,"tags":[]},"settings":{"enabled":true,"position":13},"meta":{"name":"iQIYI","uuid":"09e7fa87-f081-4cf8-acbe-3fc3309997df","modified":1723374464916}}