{"options":{"check_for_updates":false,"comment":null,"compat_foreach":false,"compat_metadata":false,"compat_powerful_this":null,"compat_prototypes":false,"compat_wrappedjsobject":false,"compatopts_for_requires":true,"noframes":null,"override":{"merge_connects":true,"merge_excludes":true,"merge_includes":true,"merge_matches":true,"orig_connects":[],"orig_excludes":[],"orig_includes":[],"orig_matches":["http*://*/*"],"orig_noframes":null,"orig_run_at":"document-idle","use_blockers":[],"use_connects":[],"use_excludes":[],"use_includes":[],"use_matches":[]},"run_at":null,"tab_types":null,"unwrap":null},"settings":{"enabled":false,"position":7},"meta":{"name":"a","uuid":"4316f9e8-5d84-4612-b1ef-649cdb424554","modified":1653355768606}}