{"options":{"check_for_updates":false,"comment":null,"compat_foreach":false,"compat_metadata":false,"compat_powerful_this":null,"compat_wrappedjsobject":false,"compatopts_for_requires":true,"noframes":null,"override":{"merge_connects":true,"merge_excludes":true,"merge_includes":true,"merge_matches":true,"orig_connects":[],"orig_excludes":[],"orig_includes":[],"orig_matches":["https://www.geogebra.org/calculator*"],"orig_noframes":true,"orig_run_at":"document-idle","use_blockers":[],"use_connects":[],"use_excludes":[],"use_includes":[],"use_matches":[],"orig_run_in":[]},"run_at":null,"sandbox":null,"tab_types":null,"unwrap":null,"user_modified":1723374454596,"run_in":null,"tags":[]},"settings":{"enabled":false,"position":10},"meta":{"name":"geogebra","uuid":"b7f64c7a-f9ff-4d80-85a2-0221b7547416","modified":1723374454596}}